INFO: This file was generated by AlgTest utility. See http://www.fi.muni.cz/~xsvenda/jcsupport.html for more results, source codes and other details.;
Execution date/time; 2008/11/28 15:30:47
AlgTestJClient version; 1.0
AlgTest applet version; 0.1

Card name; G+D SmartCaf� Expert 144k Dual,
Used reader; PC/SC terminal Gemalto GemPC Twin 00 00,
Card ATR; 3b fd 18 00 00 80 31 fe 45 73 66 74 65 20 63 64 31 34 34 2d 6e 66 d8 ,
,
JavaCard support version;2.2.1;
JCSystem.getVersion()[Major.Minor];2.2;
JCSystem.isObjectDeletionSupported;yes;
JCSystem.MEMORY_TYPE_PERSISTENT; >32767B;
JCSystem.MEMORY_TYPE_TRANSIENT_RESET;  2040B;
JCSystem.MEMORY_TYPE_TRANSIENT_DESELECT;  2335B;

javacardx.apdu.ExtendedLength; 
Extended APDU;no 
,
javacardx.crypto.Cipher;
ALG_DES_CBC_NOPAD;yes;
ALG_DES_CBC_ISO9797_M1;yes;
ALG_DES_CBC_ISO9797_M2;yes;
ALG_DES_CBC_PKCS5;yes;
ALG_DES_ECB_NOPAD;yes;
ALG_DES_ECB_ISO9797_M1;yes;
ALG_DES_ECB_ISO9797_M2;yes;
ALG_DES_ECB_PKCS5;yes;
ALG_RSA_ISO14888;yes;
ALG_RSA_PKCS1;yes;
ALG_RSA_ISO9796;no;
ALG_RSA_NOPAD;yes;
ALG_AES_BLOCK_128_CBC_NOPAD;yes;
ALG_AES_BLOCK_128_ECB_NOPAD;yes;
ALG_RSA_PKCS1_OAEP;yes;
ALG_KOREAN_SEED_ECB_NOPAD;no;
ALG_KOREAN_SEED_CBC_NOPAD;no;
,
javacard.crypto.Signature;
ALG_DES_MAC4_NOPAD;yes;
ALG_DES_MAC8_NOPAD;yes;
ALG_DES_MAC4_ISO9797_M1;yes;
ALG_DES_MAC8_ISO9797_M1;yes;
ALG_DES_MAC4_ISO9797_M2;yes;
ALG_DES_MAC8_ISO9797_M2;yes;
ALG_DES_MAC4_PKCS5;yes;
ALG_DES_MAC8_PKCS5;yes;
ALG_RSA_SHA_ISO9796;yes;
ALG_RSA_SHA_PKCS1;yes;
ALG_RSA_MD5_PKCS1;yes;
ALG_RSA_RIPEMD160_ISO9796;yes;
ALG_RSA_RIPEMD160_PKCS1;yes;
ALG_DSA_SHA;yes;
ALG_RSA_SHA_RFC2409;yes;
ALG_RSA_MD5_RFC2409;yes;
ALG_ECDSA_SHA;no;
ALG_AES_MAC_128_NOPAD;yes;
ALG_DES_MAC4_ISO9797_1_M2_ALG3;yes;
ALG_DES_MAC8_ISO9797_1_M2_ALG3;yes;
ALG_RSA_SHA_PKCS1_PSS;no;
ALG_RSA_MD5_PKCS1_PSS;no;
ALG_RSA_RIPEMD160_PKCS1_PSS;no;
ALG_HMAC_SHA1;no;
ALG_HMAC_SHA_256;no;
ALG_HMAC_SHA_384;no;
ALG_HMAC_SHA_512;no;
ALG_HMAC_MD5;no;
ALG_HMAC_RIPEMD160;no;
ALG_RSA_SHA_ISO9796_MR;no;
ALG_RSA_RIPEMD160_ISO9796_MR;no;
ALG_SEED_MAC_NOPAD;no;
,
javacard.security.MessageDigest;
ALG_SHA;yes;
ALG_MD5;yes;
ALG_RIPEMD160;yes;
ALG_SHA_256;yes;
ALG_SHA_384;no;
ALG_SHA_512;no;
,
javacard.security.RandomData;
ALG_PSEUDO_RANDOM;yes;
ALG_SECURE_RANDOM;yes;
,
javacard.security.KeyBuilder;
TYPE_DES_TRANSIENT_RESET;yes;
TYPE_DES_TRANSIENT_DESELECT;yes;
TYPE_DES LENGTH_DES;yes;
TYPE_DES LENGTH_DES3_2KEY;yes;
TYPE_DES LENGTH_DES3_3KEY;yes;
TYPE_AES_TRANSIENT_RESET;yes;
TYPE_AES_TRANSIENT_DESELECT;yes;
TYPE_AES LENGTH_AES_128;yes;
TYPE_AES LENGTH_AES_192;yes;
TYPE_AES LENGTH_AES_256;yes;
TYPE_RSA_PUBLIC LENGTH_RSA_512;yes;
TYPE_RSA_PUBLIC LENGTH_RSA_736;yes;
TYPE_RSA_PUBLIC LENGTH_RSA_768;yes;
TYPE_RSA_PUBLIC LENGTH_RSA_896;yes;
TYPE_RSA_PUBLIC LENGTH_RSA_1024;yes;
TYPE_RSA_PUBLIC LENGTH_RSA_1280;yes;
TYPE_RSA_PUBLIC LENGTH_RSA_1536;yes;
TYPE_RSA_PUBLIC LENGTH_RSA_1984;yes;
TYPE_RSA_PUBLIC LENGTH_RSA_2048;yes;
TYPE_RSA_PUBLIC LENGTH_RSA_3072;no;
TYPE_RSA_PUBLIC LENGTH_RSA_4096;no;
TYPE_RSA_PRIVATE LENGTH_RSA_512;yes;
TYPE_RSA_PRIVATE LENGTH_RSA_736;yes;
TYPE_RSA_PRIVATE LENGTH_RSA_768;yes;
TYPE_RSA_PRIVATE LENGTH_RSA_896;yes;
TYPE_RSA_PRIVATE LENGTH_RSA_1024;yes;
TYPE_RSA_PRIVATE LENGTH_RSA_1280;yes;
TYPE_RSA_PRIVATE LENGTH_RSA_1536;yes;
TYPE_RSA_PRIVATE LENGTH_RSA_1984;yes;
TYPE_RSA_PRIVATE LENGTH_RSA_2048;yes;
TYPE_RSA_PRIVATE LENGTH_RSA_3072;no;
TYPE_RSA_PRIVATE LENGTH_RSA_4096;no;
TYPE_RSA_CRT_PRIVATE LENGTH_RSA_512;yes;
TYPE_RSA_CRT_PRIVATE LENGTH_RSA_736;yes;
TYPE_RSA_CRT_PRIVATE LENGTH_RSA_768;yes;
TYPE_RSA_CRT_PRIVATE LENGTH_RSA_896;yes;
TYPE_RSA_CRT_PRIVATE LENGTH_RSA_1024;yes;
TYPE_RSA_CRT_PRIVATE LENGTH_RSA_1280;yes;
TYPE_RSA_CRT_PRIVATE LENGTH_RSA_1536;yes;
TYPE_RSA_CRT_PRIVATE LENGTH_RSA_1984;yes;
TYPE_RSA_CRT_PRIVATE LENGTH_RSA_2048;yes;
TYPE_RSA_CRT_PRIVATE LENGTH_RSA_3072;no;
TYPE_RSA_CRT_PRIVATE LENGTH_RSA_4096;no;
TYPE_DSA_PRIVATE LENGTH_DSA_512;yes;
TYPE_DSA_PRIVATE LENGTH_DSA_768;yes;
TYPE_DSA_PRIVATE LENGTH_DSA_1024;yes;
TYPE_DSA_PUBLIC LENGTH_DSA_512;yes;
TYPE_DSA_PUBLIC LENGTH_DSA_768;yes;
TYPE_DSA_PUBLIC LENGTH_DSA_1024;yes;
TYPE_EC_F2M_PRIVATE LENGTH_EC_F2M_113;no;
TYPE_EC_F2M_PRIVATE LENGTH_EC_F2M_131;no;
TYPE_EC_F2M_PRIVATE LENGTH_EC_F2M_163;no;
TYPE_EC_F2M_PRIVATE LENGTH_EC_F2M_193;no;
TYPE_EC_FP_PRIVATE LENGTH_EC_FP_112;no;
TYPE_EC_FP_PRIVATE LENGTH_EC_FP_128;no;
TYPE_EC_FP_PRIVATE LENGTH_EC_FP_160;no;
TYPE_EC_FP_PRIVATE LENGTH_EC_FP_192;no;
TYPE_KOREAN_SEED_TRANSIENT_RESET;no;
TYPE_KOREAN_SEED_TRANSIENT_DESELECT;no;
TYPE_KOREAN_SEED LENGTH_KOREAN_SEED_128;no;
TYPE_HMAC_TRANSIENT_RESET;no;
TYPE_HMAC_TRANSIENT_DESELECT;no;
TYPE_HMAC LENGTH_HMAC_SHA_1_BLOCK_64;no;
TYPE_HMAC LENGTH_HMAC_SHA_256_BLOCK_64;no;
TYPE_HMAC LENGTH_HMAC_SHA_384_BLOCK_64;no;
TYPE_HMAC LENGTH_HMAC_SHA_512_BLOCK_64;no;
,
javacard.security.KeyPair ALG_RSA on-card generation;
ALG_RSA LENGTH_RSA_512;yes;1,502000
ALG_RSA LENGTH_RSA_736;yes;2,527000
ALG_RSA LENGTH_RSA_768;yes;1,772000
ALG_RSA LENGTH_RSA_896;yes;3,460000
ALG_RSA LENGTH_RSA_1024;yes;2,411000
ALG_RSA LENGTH_RSA_1280;yes;3,478000
ALG_RSA LENGTH_RSA_1536;yes;6,980000
ALG_RSA LENGTH_RSA_1984;yes;10,406000
ALG_RSA LENGTH_RSA_2048;yes;11,852000
ALG_RSA LENGTH_RSA_3072;no;
ALG_RSA LENGTH_RSA_4096;no;
,
javacard.security.KeyPair ALG_RSA_CRT on-card generation;
ALG_RSA_CRT LENGTH_RSA_512;yes;1,635000
ALG_RSA_CRT LENGTH_RSA_736;yes;1,790000
ALG_RSA_CRT LENGTH_RSA_768;yes;2,312000
ALG_RSA_CRT LENGTH_RSA_896;yes;2,694000
ALG_RSA_CRT LENGTH_RSA_1024;yes;3,274000
ALG_RSA_CRT LENGTH_RSA_1280;yes;2,962000
ALG_RSA_CRT LENGTH_RSA_1536;yes;5,457000
ALG_RSA_CRT LENGTH_RSA_1984;yes;8,442000
ALG_RSA_CRT LENGTH_RSA_2048;yes;13,835000
ALG_RSA_CRT LENGTH_RSA_3072;no;
ALG_RSA_CRT LENGTH_RSA_4096;no;
,
javacard.security.KeyPair ALG_DSA on-card generation;
ALG_DSA LENGTH_DSA_512;yes;0,290000
ALG_DSA LENGTH_DSA_768;yes;0,374000
ALG_DSA LENGTH_DSA_1024;yes;0,428000
,
javacard.security.KeyPair ALG_EC_F2M on-card generation;
ALG_EC_F2M LENGTH_EC_F2M_113;no;
ALG_EC_F2M LENGTH_EC_F2M_131;no;
ALG_EC_F2M LENGTH_EC_F2M_163;no;
ALG_EC_F2M LENGTH_EC_F2M_193;no;
,
javacard.security.KeyPair ALG_EC_FP on-card generation;
ALG_EC_FP LENGTH_EC_FP_112;no;
ALG_EC_FP LENGTH_EC_FP_128;no;
ALG_EC_FP LENGTH_EC_FP_160;no;
ALG_EC_FP LENGTH_EC_FP_192;no;
,
javacard.security.KeyAgreement;
ALG_EC_SVDP_DH;no;
ALG_EC_SVDP_DHC;no;
,
javacard.security.Checksum;
ALG_ISO3309_CRC16;no;
ALG_ISO3309_CRC32;no;
,
Support for variable public exponent for RSA 1024. If supported, user-defined fast modular exponentiation can be executed on the smart card via cryptographic coprocessor. This is very specific feature and you will probably not need it;
Allocate RSA 1024 objects;yes;0,076000 sec;
Set random modulus;yes;0,050000 sec;
Set random public exponent;yes;0,051000 sec;
Initialize cipher with public key with random exponent;yes;0,022000 sec;
Use random public exponent;yes;0,219000 sec;
,
"Available RAM memory;2266 B;""\r\n",
Available EEPROM memory;120000 B;
