Used reader;ACS ACR1281 1S Dual Reader ICC 0

Card ATR;3B:F8:13:00:00:81:31:FE:45:4A:43:4F:50:76:32:34:31:B7
AlgTestJClient version; 1.2
AlgTest applet version; 1.2

JavaCard support version;2.2.1;

javacardx.apdu.ExtendedLength; 
Extended APDU;no


JCSystem.getVersion()[Major.Minor];2.2;
JCSystem.isObjectDeletionSupported;yes;
JCSystem.MEMORY_TYPE_PERSISTENT; >32767B;
JCSystem.MEMORY_TYPE_TRANSIENT_RESET; 2208B;
JCSystem.MEMORY_TYPE_TRANSIENT_DESELECT; 2208B;

javacardx.crypto.Cipher;
ALG_DES_CBC_NOPAD;yes;
ALG_DES_CBC_ISO9797_M1;yes;
ALG_DES_CBC_ISO9797_M2;yes;
ALG_DES_CBC_PKCS5;yes;
ALG_DES_ECB_NOPAD;yes;
ALG_DES_ECB_ISO9797_M1;yes;
ALG_DES_ECB_ISO9797_M2;yes;
ALG_DES_ECB_PKCS5;no;
ALG_RSA_ISO14888;no;
ALG_RSA_PKCS1;yes;
ALG_RSA_ISO9796;no;
ALG_RSA_NOPAD;yes;
ALG_AES_BLOCK_128_CBC_NOPAD;yes;
ALG_AES_BLOCK_128_ECB_NOPAD;yes;
ALG_RSA_PKCS1_OAEP;no;
ALG_KOREAN_SEED_ECB_NOPAD;yes;
ALG_KOREAN_SEED_CBC_NOPAD;yes;

javacard.crypto.Signature;
ALG_DES_MAC4_NOPAD;no;
ALG_DES_MAC8_NOPAD;yes;
ALG_DES_MAC4_ISO9797_M1;no;
ALG_DES_MAC8_ISO9797_M1;yes;
ALG_DES_MAC4_ISO9797_M2;no;
ALG_DES_MAC8_ISO9797_M2;yes;
ALG_DES_MAC4_PKCS5;no;
ALG_DES_MAC8_PKCS5;no;
ALG_RSA_SHA_ISO9796;yes;
ALG_RSA_SHA_PKCS1;yes;
ALG_RSA_MD5_PKCS1;yes;
ALG_RSA_RIPEMD160_ISO9796;no;
ALG_RSA_RIPEMD160_PKCS1;no;
ALG_DSA_SHA;no;
ALG_RSA_SHA_RFC2409;no;
ALG_RSA_MD5_RFC2409;no;
ALG_ECDSA_SHA;yes;
ALG_AES_MAC_128_NOPAD;yes;
ALG_DES_MAC4_ISO9797_1_M2_ALG3;no;
ALG_DES_MAC8_ISO9797_1_M2_ALG3;yes;
ALG_RSA_SHA_PKCS1_PSS;no;
ALG_RSA_MD5_PKCS1_PSS;no;
ALG_RSA_RIPEMD160_PKCS1_PSS;no;
ALG_HMAC_SHA1;no;
ALG_HMAC_SHA_256;no;
ALG_HMAC_SHA_384;no;
ALG_HMAC_SHA_512;no;
ALG_HMAC_MD5;no;
ALG_HMAC_RIPEMD160;no;
ALG_RSA_SHA_ISO9796_MR;no;
ALG_RSA_RIPEMD160_ISO9796_MR;no;
ALG_SEED_MAC_NOPAD;yes;

javacard.security.MessageDigest;
ALG_SHA;yes;
ALG_MD5;yes;
ALG_RIPEMD160;no;
ALG_SHA_256;yes;
ALG_SHA_384;no;
ALG_SHA_512;no;

javacard.security.RandomData;
ALG_PSEUDO_RANDOM;yes;
ALG_SECURE_RANDOM;yes;

javacard.security.KeyBuilder;
TYPE_DES_TRANSIENT_RESET;yes;
TYPE_DES_TRANSIENT_DESELECT;yes;
TYPE_DES LENGTH_DES;yes;
TYPE_DES LENGTH_DES3_2KEY;yes;
TYPE_DES LENGTH_DES3_3KEY;yes;
TYPE_AES_TRANSIENT_RESET;yes;
TYPE_AES_TRANSIENT_DESELECT;yes;
TYPE_AES LENGTH_AES_128;yes;
TYPE_AES LENGTH_AES_192;yes;
TYPE_AES LENGTH_AES_256;yes;
TYPE_RSA_PUBLIC LENGTH_RSA_512;yes;
TYPE_RSA_PUBLIC LENGTH_RSA_736;yes;
TYPE_RSA_PUBLIC LENGTH_RSA_768;yes;
TYPE_RSA_PUBLIC LENGTH_RSA_896;yes;
TYPE_RSA_PUBLIC LENGTH_RSA_1024;yes;
TYPE_RSA_PUBLIC LENGTH_RSA_1280;yes;
TYPE_RSA_PUBLIC LENGTH_RSA_1536;yes;
TYPE_RSA_PUBLIC LENGTH_RSA_1984;yes;
TYPE_RSA_PUBLIC LENGTH_RSA_2048;yes;
TYPE_RSA_PUBLIC LENGTH_RSA_3072;no;
TYPE_RSA_PUBLIC LENGTH_RSA_4096;no;
TYPE_RSA_PRIVATE LENGTH_RSA_512;yes;
TYPE_RSA_PRIVATE LENGTH_RSA_736;yes;
TYPE_RSA_PRIVATE LENGTH_RSA_768;yes;
TYPE_RSA_PRIVATE LENGTH_RSA_896;yes;
TYPE_RSA_PRIVATE LENGTH_RSA_1024;yes;
TYPE_RSA_PRIVATE LENGTH_RSA_1280;yes;
TYPE_RSA_PRIVATE LENGTH_RSA_1536;yes;
TYPE_RSA_PRIVATE LENGTH_RSA_1984;yes;
TYPE_RSA_PRIVATE LENGTH_RSA_2048;yes;
TYPE_RSA_PRIVATE LENGTH_RSA_3072;no;
TYPE_RSA_PRIVATE LENGTH_RSA_4096;no;
TYPE_RSA_CRT_PRIVATE LENGTH_RSA_512;yes;
TYPE_RSA_CRT_PRIVATE LENGTH_RSA_736;no;
TYPE_RSA_CRT_PRIVATE LENGTH_RSA_768;yes;
TYPE_RSA_CRT_PRIVATE LENGTH_RSA_896;yes;
TYPE_RSA_CRT_PRIVATE LENGTH_RSA_1024;yes;
TYPE_RSA_CRT_PRIVATE LENGTH_RSA_1280;yes;
TYPE_RSA_CRT_PRIVATE LENGTH_RSA_1536;yes;
TYPE_RSA_CRT_PRIVATE LENGTH_RSA_1984;yes;
TYPE_RSA_CRT_PRIVATE LENGTH_RSA_2048;yes;
TYPE_RSA_CRT_PRIVATE LENGTH_RSA_3072;no;
TYPE_RSA_CRT_PRIVATE LENGTH_RSA_4096;no;
TYPE_DSA_PRIVATE LENGTH_DSA_512;no;
TYPE_DSA_PRIVATE LENGTH_DSA_768;no;
TYPE_DSA_PRIVATE LENGTH_DSA_1024;no;
TYPE_DSA_PUBLIC LENGTH_DSA_512;no;
TYPE_DSA_PUBLIC LENGTH_DSA_768;no;
TYPE_DSA_PUBLIC LENGTH_DSA_1024;no;
TYPE_EC_F2M_PRIVATE LENGTH_EC_F2M_113;no;
TYPE_EC_F2M_PRIVATE LENGTH_EC_F2M_131;no;
TYPE_EC_F2M_PRIVATE LENGTH_EC_F2M_163;no;
TYPE_EC_F2M_PRIVATE LENGTH_EC_F2M_193;no;
TYPE_EC_FP_PRIVATE LENGTH_EC_FP_112;no;
TYPE_EC_FP_PRIVATE LENGTH_EC_FP_128;yes;
TYPE_EC_FP_PRIVATE LENGTH_EC_FP_160;yes;
TYPE_EC_FP_PRIVATE LENGTH_EC_FP_192;yes;
TYPE_KOREAN_SEED_TRANSIENT_RESET;yes;
TYPE_KOREAN_SEED_TRANSIENT_DESELECT;yes;
TYPE_KOREAN_SEED LENGTH_KOREAN_SEED_128;yes;
TYPE_HMAC_TRANSIENT_RESET;no;
TYPE_HMAC_TRANSIENT_DESELECT;no;
TYPE_HMAC LENGTH_HMAC_SHA_1_BLOCK_64;no;
TYPE_HMAC LENGTH_HMAC_SHA_256_BLOCK_64;no;
TYPE_HMAC LENGTH_HMAC_SHA_384_BLOCK_64;no;
TYPE_HMAC LENGTH_HMAC_SHA_512_BLOCK_64;no;

javacard.security.KeyPair ALG_RSA on-card generation;
ALG_RSA LENGTH_RSA_512;no;
ALG_RSA LENGTH_RSA_736;no;
ALG_RSA LENGTH_RSA_768;no;
ALG_RSA LENGTH_RSA_896;no;
ALG_RSA LENGTH_RSA_1024;no;
ALG_RSA LENGTH_RSA_1280;no;
ALG_RSA LENGTH_RSA_1536;no;
ALG_RSA LENGTH_RSA_1984;no;
ALG_RSA LENGTH_RSA_2048;no;
ALG_RSA LENGTH_RSA_3072;no;
ALG_RSA LENGTH_RSA_4096;no;

javacard.security.KeyPair ALG_RSA_CRT on-card generation;
ALG_RSA_CRT LENGTH_RSA_512;yes;0.641000
ALG_RSA_CRT LENGTH_RSA_736;no;
ALG_RSA_CRT LENGTH_RSA_768;yes;0.735000
ALG_RSA_CRT LENGTH_RSA_896;yes;1.344000
ALG_RSA_CRT LENGTH_RSA_1024;yes;5.078000
ALG_RSA_CRT LENGTH_RSA_1280;yes;3.031000
ALG_RSA_CRT LENGTH_RSA_1536;yes;4.468000
ALG_RSA_CRT LENGTH_RSA_1984;yes;
ALG_RSA_CRT LENGTH_RSA_2048;yes;
ALG_RSA_CRT LENGTH_RSA_3072;no;
ALG_RSA_CRT LENGTH_RSA_4096;no;


javacard.security.KeyPair ALG_DSA on-card generation;
ALG_DSA LENGTH_DSA_512;no;
ALG_DSA LENGTH_DSA_768;no;
ALG_DSA LENGTH_DSA_1024;no;

javacard.security.KeyPair ALG_EC_F2M on-card generation;
ALG_EC_F2M LENGTH_EC_F2M_113;no;
ALG_EC_F2M LENGTH_EC_F2M_131;no;
ALG_EC_F2M LENGTH_EC_F2M_163;no;
ALG_EC_F2M LENGTH_EC_F2M_193;no;

javacard.security.KeyPair ALG_EC_FP on-card generation;
ALG_EC_FP LENGTH_EC_FP_112;no;
ALG_EC_FP LENGTH_EC_FP_128;yes;0.812000
ALG_EC_FP LENGTH_EC_FP_160;yes;0.844000
ALG_EC_FP LENGTH_EC_FP_192;yes;0.906000

javacard.security.KeyAgreement;
ALG_EC_SVDP_DH;yes;
ALG_EC_SVDP_DHC;yes;

javacard.security.Checksum;
ALG_ISO3309_CRC16;yes;
ALG_ISO3309_CRC32;no;

Support for variable public exponent for RSA 1024. If supported, user-defined fast modular exponentiation can be executed on the smart card via cryptographic coprocessor. This is very specific feature and you will probably not need it;
Allocate RSA 1024 objects;yes;0.219000 sec;
Set random modulus;yes;0.047000 sec;
Set random public exponent;yes;2.156000 sec;
Initialize cipher with public key with random exponent;yes;0.062000 sec;
Use random public exponent;yes;0.422000 sec;
Available RAM memory;2014 B;
Available EEPROM memory;61080 B;
